protein,accession_id,enzyme,min_length,max_length,num_peptides,max_score,top_peptide,num_score_ge_3,num_score_ge_4,avg_score
lactoferrin,P24627,trypsin,4,50,58,5,QVLLHQQALFGK,34,9,2.4655172413793105
lactoferrin,P24627,chymotrypsin,4,50,67,5,AAPRKNVRW,26,7,2.1343283582089554
lactoferrin,P24627,pepsin,4,50,67,5,YAVAVVKKGSN,19,7,2.014925373134328
BSA,P02769,chymotrypsin,4,50,61,5,EIARRHPY,17,5,1.901639344262295
BSA,P02769,pepsin,4,50,63,5,YEIARRHP,15,5,1.8571428571428572
BSA,P02769,trypsin,4,50,62,4,WVTFISLLLLFSSAYSR,21,3,1.9516129032258065
lactoferrin,P24627,alcalase,4,50,62,5,KCRRWQWRM,10,3,1.2580645161290323
alpha-lactalbumin,P00711,trypsin,4,50,10,5,VGINYWLAHK,5,2,2.5
beta-lactoglobulin,P02754,chymotrypsin,4,50,19,4,ENGECAQKKIIAEKTKIPAVF,4,2,1.5789473684210527
beta-lactoglobulin,P02754,pepsin,4,50,18,4,WENGECAQKKIIAEKTKIPAV,3,1,1.6666666666666667
lactoferrin,P24627,bromelain,4,50,58,3,WCTISQPEWFK,9,0,1.2586206896551724
beta-lactoglobulin,P02754,trypsin,4,50,13,3,CLLLALALTCGAQALIVTQTMK,7,0,2.3076923076923075
alpha-lactalbumin,P00711,bromelain,4,50,15,3,CTTFHTSG,5,0,1.6
BSA,P02769,bromelain,4,50,52,3,TFISLLLLFSSA,5,0,1.1730769230769231
BSA,P02769,alcalase,4,50,57,3,RRDTHKSEI,5,0,0.8947368421052632
lactoferrin,P24627,papain,4,50,45,3,WCTISQPEWF,4,0,0.9111111111111111
alpha-lactalbumin,P00711,chymotrypsin,4,50,16,3,GGVSLPEW,3,0,1.625
alpha-lactalbumin,P00711,pepsin,4,50,15,3,FHATQAEQ,3,0,1.6
beta-lactoglobulin,P02754,bromelain,4,50,18,3,LLFCMENSA,2,0,1.0
alpha-lactalbumin,P00711,papain,4,50,14,3,IWCK,1,0,1.2857142857142858
beta-lactoglobulin,P02754,papain,4,50,17,3,PMHIR,1,0,0.5882352941176471
alpha-lactalbumin,P00711,alcalase,4,50,14,2,PEWV,0,0,0.9285714285714286
beta-lactoglobulin,P02754,alcalase,4,50,16,2,GTWY,0,0,0.5625
BSA,P02769,papain,4,50,40,2,SHCIA,0,0,0.525
